nama,ieee,sinta,scopus,wos,garuda,orchid,idscholar,urlscholar
"Prof. Dr. Ir. Sasongko Pramonohadi, DEA.",,6019394,53263983500,GWR-3064-2022,2374280,"https://orcid.org/0000-0001-6268-9040
",SXZZgLMAAAAJ,https://scholar.google.co.id/citations?user=SXZZgLMAAAAJ&hl=en
"Prof. Ir. P. Insap Santosa, M.Sc., Ph.D., IPU.",98297871,6010192,9636895500,I-3494-2019,370690,"https://orcid.org/0000-0002-0581-2521
",SVLRclcAAAAJ,https://scholar.google.co.id/citations?user=SVLRclcAAAAJ&hl=en
"Ir. Wahyu Dewanto, M.T.",,6019805,57566905800,-,2885094,-,yGMgmxIAAAAJ,https://scholar.google.com/citations?user=yGMgmxIAAAAJ&hl=en&oi=ao
"Prof. Ir. Tumiran, M.Eng., Ph.D., IPU.",,6038838,24279155800,GON-6154-2022,205882,https://orcid.org/0000-0002-4063-3203,Q39ugpYAAAAJ,https://scholar.google.co.id/citations?user=Q39ugpYAAAAJ&hl=en
"Ir. Sujoko Sumaryono, M.T.",,6019192,57194161883,-,2453553,-,lUiJUKEAAAAJ,https://scholar.google.com/citations?user=lUiJUKEAAAAJ&hl=en&oi=ao
"Ir. Bambang Sugiyantoro, M.T.",,6019224,57205058764,-,3917817,-,lLWH6IcAAAAJ,https://scholar.google.com/citations?hl=en&user=lLWH6IcAAAAJ
"Dr. Ir. Rudy Hartanto, M.T., IPM.",,6018498,57213689477,GOP-1585-2022,276773,-,xWZoltAAAAAJ,https://scholar.google.co.id/citations?user=xWZoltAAAAAJ&hl=en
"Prof. Ir. Lukito Edi Nugroho, M.Sc., Ph.D.",,6019356,6507794445,GPX-9060-2022,6288599,,Fx312yQAAAAJ,https://scholar.google.co.id/citations?user=Fx312yQAAAAJ&hl=en
"Dr. Ir. M. Isnaeni BS, M.T.",,6019186,56516959400,-,207692,-,bbLyOsgAAAAJ,https://scholar.google.com/citations?hl=en&user=bbLyOsgAAAAJ
"Prof. Dr. Ir. Risanuri Hidayat, M.Sc., IPM.",90632775,6019191,24723916400,GWR-2712-2022,281629,https://orcid.org/0000-0002-7381-4633,f4TOpqsAAAAJ,https://scholar.google.com/citations?hl=en&user=f4TOpqsAAAAJ
"Prof. Ir. Oyas Wahyunggoro, M.T., Ph.D.",93708689,6010292,25825877400,AGW-7996-2022,411173,-,HYFYmwsAAAAJ,https://scholar.google.co.id/citations?user=HYFYmwsAAAAJ&hl=en
"Teguh Bharata Adji, S.T., M.T., M.Eng., Ph.D.",,5972729,24734043700,GVT-8749-2022,220041,-,IqG9z-8AAAAJ,https://scholar.google.com/citations?hl=en&user=IqG9z-8AAAAJ
"Prof. Dr. Ir. Sri Suning Kusumawardani, S.T., M.T.",98531066,5985413,36809779800,AGE-7426-2022,303344,"https://orcid.org/0000-0003-1705-3232
",D3VL7RsAAAAJ,https://scholar.google.com/citations?hl=en&user=D3VL7RsAAAAJ
"Dr.Eng. Silmi Fauziati, S.T., M.T.",,6019179,56596753400,-,264977,-,YBpC3pwAAAAJ,https://scholar.google.com/citations?hl=en&user=YBpC3pwAAAAJ
"Prof. Ir. Selo, S.T., M.T., M.Sc., Ph.D., IPU, ASEAN Eng.",93260786,6010111,35106220200,AAW-4238-2020,508857,"https://orcid.org/0000-0002-0427-6421
",7FZZ_-sAAAAJ,https://scholar.google.co.id/citations?user=7FZZ_-sAAAAJ&hl=en
"Prof. Dr.Eng. Ir. F. Danang Wijaya, S.T., M.T., IPM.",,5999249,57193707676,GOV-3806-2022,2391719,"https://orcid.org/0000-0001-8887-6135
",fS4-8JAAAAAJ,https://scholar.google.co.id/citations?user=fS4-8JAAAAAJ&hl=en
"Warsun Najib, S.T., M.Sc.",,6010169,54420821900,GLV-2846-2022,327840,"https://orcid.org/0000-0003-4454-335X
",dsORxFMAAAAJ,https://scholar.google.co.id/citations?user=dsORxFMAAAAJ&hl=en
"Ir. Addin Suwastono, S.T., M.Eng., IPM.",,6019193,56516977600,-,4066978,-,TNZgnM8AAAAJ,https://scholar.google.co.id/citations?user=TNZgnM8AAAAJ&hl=en
"Prof. Ir. Sarjiya, S.T., M.T., Ph.D., IPU.",,6002168,25031712200,AAO-9287-2020,2374281,https://orcid.org/0000-0002-3025-295X,bLAJodcAAAAJ,https://scholar.google.com/citations?hl=en&user=bLAJodcAAAAJ
"Dani Adhipta, S.Si., M.T.",,6019026,36607451900,-,640998,-,PUg2AeYAAAAJ,https://scholar.google.co.id/citations?user=PUg2AeYAAAAJ&hl=en
"Widyawan, S.T., M.Sc., Ph.D.",,43049,55666627500,-,2381413,-,uPZ616oAAAAJ,https://scholar.google.co.id/citations?user=uPZ616oAAAAJ&hl=en
"Ir. Eka Firmansyah, S.T., M.Eng., Ph.D., IPM.",90389912,5985277,34978345200,GLS-4421-2022,266504,-,y2AOfwQAAAAJ,https://scholar.google.co.id/citations?user=y2AOfwQAAAAJ&hl=en
"Prof. Ir. Hanung Adi Nugroho, S.T., M.E., Ph.D., IPM., SMIEEE.",92605390,6008762,57210591699,J-4205-2019,333299,"https://orcid.org/0000-0001-7749-8044
",UTBq0lsAAAAJ,https://scholar.google.co.id/citations?user=UTBq0lsAAAAJ&hl=en
"Dr. Indriana Hidayah, S.T., M.T.",93917462,44341,55430202100,-,2453157,"https://orcid.org/0000-0003-4044-4987
",Kwu5gpIAAAAJ,https://scholar.google.co.id/citations?user=Kwu5gpIAAAAJ&hl=en
"Dr. Bimo Sunarfri Hantono, S.T., M.Eng.",92745409,6010084,56121493400,-,274797,-,omBzmOkAAAAJ,https://scholar.google.com/citations?hl=en&user=omBzmOkAAAAJ
"M. Nur Rizal, S.T., M.Eng., Ph.D.",,6019753,55553742689,-,1795453,-,ntnGlecAAAAJ,https://scholar.google.co.id/citations?user=ntnGlecAAAAJ&hl=en
"Harry Prabowo, S.T., M.T.",,6019210,57190533670,-,-,https://orcid.org/0000-0002-8398-3529,N5cE-DUAAAAJ,https://scholar.google.co.id/citations?user=N5cE-DUAAAAJ&hl=en
"Ir. Avrin Nur Widiastuti, S.T., M.Eng., IPM.",96900811,6010067,56429469800,-,4067136,-,K3i-Yv0AAAAJ,https://scholar.google.com/citations?hl=en&user=K3i-Yv0AAAAJ
"Dr. Indah Soesanti, S.T., M.T.",,42982,55963326800,GOP-2501-2022,2454292,"https://orcid.org/0000-0003-2004-0600
",Mn3jtVgAAAAJ,https://scholar.google.co.id/citations?user=Mn3jtVgAAAAJ&hl=en
"Ir. Adhistya Erna Permanasari, S.T., M.T., Ph.D., IPM.",,257869,25825391000,I-9757-2019,3027455,"https://orcid.org/0000-0002-2663-4074
",cF2rHw4AAAAJ,https://scholar.google.co.id/citations?user=cF2rHw4AAAAJ&hl=en
"Ir. Noor Akhmad Setiawan, S.T., M.T., Ph.D., IPM.",92200406,43050,57215833019,C-3262-2019,2459804,"https://orcid.org/0000-0002-5631-1073

",dvwTk_IAAAAJ,https://scholar.google.co.id/citations?user=dvwTk_IAAAAJ&hl=en
"Rr. Eny Sukani Rahayu, S.T., M.Eng.",,6022328,57195683054,JKJ-4859-2023,4067168,-,bgAPubsAAAAJ&hl,https://scholar.google.com/citations?user=bgAPubsAAAAJ&hl=id
"Prof. Dr. Ir. Ridi Ferdiana, S.T., M.T., IPM.",,44333,49663102500,AAW-4160-2020,265752,-,6JpHP3wAAAAJ,https://scholar.google.co.id/citations?user=RF0czQwAAAAJ&hl=en
"Enas Dhuhri Kusuma, S.T., M.Eng.",,6039133,36608334700,GON-6469-2022,4408066,"https://orcid.org/0000-0003-1659-0132
",56aJrmkAAAAJ,https://scholar.google.com/citations?hl=en&user=56aJrmkAAAAJ
"Ir. Sigit Basuki Wibowo, S.T., M.Eng., Ph.D., IPM.",,6023242,36783783200,GPS-6408-2022,5513608,-,q56WPYoAAAAJ,https://scholar.google.com/citations?hl=en&user=q56WPYoAAAAJ
"Ir. Adha Imam Cahyadi, S.T., M.Eng., D.Eng., IPM.",,5985664,16549109100,AAT-3181-2020,2375714,"https://orcid.org/0000-0002-9825-2630
",oo5VUl8AAAAJ&hl,https://scholar.google.com/citations?hl=en&user=oo5VUl8AAAAJ&hl
"Iswandi, S.T., M.Eng.",90730081,6010390,56516823500,-,4331626,https://orcid.org/0000-0003-4685-3474,dHnl08MAAAAJ,https://scholar.google.co.id/citations?user=dHnl08MAAAAJ&hl=en
"Ir. Prapto Nugroho, S.T., M.Eng., D.Eng., IPM.",92074518,5982109,37072942800,AGX-5149-2022,2986223,"https://orcid.org/0000-0002-4221-239X
",X6-0JR4AAAAJ,https://scholar.google.co.id/citations?user=X6-0JR4AAAAJ&hl=en
"Dr. I Wayan Mustika, S.T., M.Eng.",90760396,260348,36185944100,ABG-2660-2021,326438,https://orcid.org/0000-0002-0207-261X,7tsVRI0AAAAJ,https://scholar.google.co.id/citations?user=7tsVRI0AAAAJ&hl=en
"Dr. Yusuf Susilo Wijoyo, S.T., M.Eng.",,5994598,57190815128,-,4066773,-,-rgGIOAAAAAJ,https://scholar.google.co.id/citations?user=-rgGIOAAAAAJ&hl=en
"Dr.Eng. Ir.  Sunu Wibirama, S.T., M.Eng., IPM.",92567863,44334,26654457700,L-2241-2019,795683,"https://orcid.org/0000-0001-9613-7017
",xQI5ar8AAAAJ&hl,https://scholar.google.co.id/citations?user=xQI5ar8AAAAJ&hl=en
"Fikri Waskito, S.T., M.Eng.",,6042134,41662396600,-,-,-,Ur-zZNUAAAAJ,https://scholar.google.com/citations?hl=en&user=Ur-zZNUAAAAJ
"Ir. Lesnanto Multa Putranto, S.T., M.Eng., Ph.D., IPM., SMIEEE.",96189875,6019163,55837147000,AAW-4350-2020,351792,"https://orcid.org/0000-0003-0250-9284
",l2Lh43wAAAAJ,https://scholar.google.com/citations?hl=en&user=l2Lh43wAAAAJ
"Dr.Eng. Ir. Igi Ardiyanto, S.T., M.Eng.",92206932,42540,36069000500,L-2069-2019,572128,"https://orcid.org/0000-0002-0006-1458
",mEBz23UAAAAJ&hl,https://scholar.google.co.id/citations?user=mEBz23UAAAAJ&hl=en
"Husni Rois Ali, , S.T., M.Eng., Ph.D., DIC., SMIEEE.",93324983,6020183,55837520800,-,4067406,-,qRuX2hsAAAAJ&hl,https://scholar.google.co.id/citations?user=qRuX2hsAAAAJ&hl=en
"Ir. Agus Bejo, S.T., M.Eng., D.Eng., IPM.",,5986935,35096014900,-,4067114,-,L9QB3JEAAAAJ&hl,https://scholar.google.co.id/citations?user=L9QB3JEAAAAJ&hl=en
"Ir. Azkario Rizky Pratama, S.T., M.Eng., Ph.D.",,6644141,55523232300,AAC-3157-2020,4067324,https://orcid.org/0000-0001-6158-8483,WUZ-OSsAAAAJ&hl,https://scholar.google.co.id/citations?user=WUZ-OSsAAAAJ&hl=en
"Anugerah Galang Persada, S.T., M.Eng.",,6019221 ,16436979700,-,4067080,-,3o5vQzgAAAAJ&hl,https://scholar.google.co.id/citations?user=3o5vQzgAAAAJ&hl=en
"Dr. Ahmad Nasikun, S.T., M.Sc.",,6019279,57203553761,-,4331591,"https://orcid.org/0000-0001-5311-4456
",bCrZU4oAAAAJ&hl,https://scholar.google.co.id/citations?user=w0s9NVoAAAAJ&hl=en
"Dr. Dyonisius Dony Ariananda, S.T., M.Sc.",98012818,6019230,35145324800,AAH-2936-2020,-,-,N3AxTxIAAAAJ&hl,https://scholar.google.co.id/citations?user=N3AxTxIAAAAJ&hl=en
"Dr. Ir. Guntur Dharma Putra, S.T., M.Sc.",,6198828,57219500421,-,1009206,"https://orcid.org/0000-0001-9832-5388
",L_dr0dIAAAAJ,https://scholar.google.co.id/citations?hl=en&user=L_dr0dIAAAAJ
"Muhammad Faris, S.T., M.Sc.",,6693665,56204474500,-,4066991,"https://orcid.org/0000-0001-6741-5065
",wtaeJFEAAAAJ,https://scholar.google.com/citations?user=wtaeJFEAAAAJ&hl=en&oi=ao
"Mochammad Wahyudi, S.T., M.T.",,6693663,57200990344,-,3917727,-,fqeb8PMAAAAJ,https://scholar.google.com/citations?hl=en&user=fqeb8PMAAAAJ
"Ir. Roni Irnawan, S.T., M.Sc., Ph.D., SMIEEE.",,6724608,56380616100,-,6760209,"https://orcid.org/0000-0001-6634-3426
",IOo994cAAAAJ,https://scholar.google.co.id/citations?hl=en&user=IOo994cAAAAJ
"Dzuhri Radityo Utomo, S.T., M.Sc., Ph.D.",,6724609,56122839600,AAW-4504-2020,5525080,-,YBOzSm0AAAAJ,https://scholar.google.co.id/citations?hl=en&user=YBOzSm0AAAAJ
"Syukron Abu Ishaq Alfarozi, S.T., Ph.D.",,6776484,57191739119,GLV-0181-2022,4066861,"https://orcid.org/0000-0001-8558-898X
",IUzKpC4AAAAJ,https://scholar.google.co.id/citations?hl=en&user=IUzKpC4AAAAJ
"Ahmad Ataka Awwalur Rizqi, S.T., Ph.D.",,6776475,56081578500,-,528247,-,rMabMHgAAAAJ&hl,https://scholar.google.co.id/citations?user=rMabMHgAAAAJ&hl=en&oi=ao
"Naufal Hilmi Fauzan, S.Si., M.T.",,6808877,57413345300,HCI-1346-2022 ,3214636,-,9s8ToW8AAAAJ,https://scholar.google.co.id/citations?hl=en&user=9s8ToW8AAAAJ
"Dr.-Ing. Ir.  Yohan Fajar Sidik, S.T., M.Eng.",95549602,6806480,57212457786,AAM-4468-2021,1008729,https://orcid.org/0000-0002-3826-2095,zRZB_Q0AAAAJ,https://scholar.google.co.id/citations?hl=en&user=zRZB_Q0AAAAJ
"Ridwan Wicaksono, S.T., M.Eng., Ph.D.",,6849945,57190797006,-,8776438,"https://orcid.org/0000-0002-7415-2061
",LQZzruEAAAAJ,https://scholar.google.co.id/citations?hl=en&user=LQZzruEAAAAJ
"Dr. Rian Fatah Mochamad, S.T. M.Eng",,6923517,55753983200,,-,-,WA-_ZSQAAAAJ,https://scholar.google.com/citations?user=WA-_ZSQAAAAJ&hl=en&oi=sra
"Dr. Wijaya Yudha Atmaja, S.T., M. Eng.",,6923069,57211475086,,4067374,https://orcid.org/0000-0002-4102-5955,wQ_OH1MAAAAJ,https://scholar.google.com/citations?user=wQ_OH1MAAAAJ&hl=id
"M. Aidiel Rachman Putra, S.Kom., M.Kom.",,6929389,57767496700,,-,"https://orcid.org/0000-0002-2741-6853
",qSsGUkIAAAAJ,https://scholar.google.com/citations?user=qSsGUkIAAAAJ&hl=en
"Nailil Husna, S.Si., M.Sc.",,6993687,57195404720,,,,j4cTsk8AAAAJ&hl,https://scholar.google.com/citations?user=j4cTsk8AAAAJ&hl=en&oi=ao