full_name,tag_slug
Sasongko Pramonohadi,artificial-intelligence
Sasongko Pramonohadi,deep-learning
Sasongko Pramonohadi,machine-learning
Sasongko Pramonohadi,automation
Sasongko Pramonohadi,iot
Sasongko Pramonohadi,data-mining
P. Insap Santosa,e-learning
P. Insap Santosa,ux
P. Insap Santosa,machine-learning
P. Insap Santosa,human-computer-interaction
P. Insap Santosa,deep-learning
P. Insap Santosa,ui
Wahyu Dewanto,iot
Wahyu Dewanto,computer-networks
Wahyu Dewanto,machine-learning
Wahyu Dewanto,data-mining
Wahyu Dewanto,computer-vision
Wahyu Dewanto,artificial-intelligence
Tumiran,machine-learning
Tumiran,immersive-technology
Tumiran,artificial-intelligence
Tumiran,deep-learning
Tumiran,e-learning
Tumiran,data-mining
Sujoko Sumaryono,iot
Sujoko Sumaryono,computer-networks
Sujoko Sumaryono,automation
Sujoko Sumaryono,machine-learning
Sujoko Sumaryono,nlp
Sujoko Sumaryono,cybersecurity
Bambang Sugiyantoro,deep-learning
Rudy Hartanto,deep-learning
Rudy Hartanto,machine-learning
Rudy Hartanto,human-computer-interaction
Rudy Hartanto,artificial-intelligence
Rudy Hartanto,iot
Rudy Hartanto,immersive-technology
Lukito Edi Nugroho,deep-learning
Lukito Edi Nugroho,machine-learning
Lukito Edi Nugroho,e-learning
Lukito Edi Nugroho,context-aware-computing
Lukito Edi Nugroho,database
Lukito Edi Nugroho,software-engineering
M. Isnaeni Bs,iot
M. Isnaeni Bs,deep-learning
M. Isnaeni Bs,computer-vision
Risanuri Hidayat,machine-learning
Risanuri Hidayat,deep-learning
Risanuri Hidayat,nlp
Risanuri Hidayat,computer-networks
Risanuri Hidayat,computer-vision
Risanuri Hidayat,iot
Oyas Wahyunggoro,artificial-intelligence
Oyas Wahyunggoro,automation
Oyas Wahyunggoro,machine-learning
Oyas Wahyunggoro,deep-learning
Oyas Wahyunggoro,computer-vision
Oyas Wahyunggoro,iot
Teguh Bharata Adji,machine-learning
Teguh Bharata Adji,deep-learning
Teguh Bharata Adji,nlp
Teguh Bharata Adji,database
Teguh Bharata Adji,data-mining
Teguh Bharata Adji,computer-vision
Sri Suning Kusumawardani,e-learning
Sri Suning Kusumawardani,machine-learning
Sri Suning Kusumawardani,deep-learning
Sri Suning Kusumawardani,human-computer-interaction
Sri Suning Kusumawardani,database
Sri Suning Kusumawardani,artificial-intelligence
Silmi Fauziati,machine-learning
Silmi Fauziati,nlp
Silmi Fauziati,artificial-intelligence
Silmi Fauziati,deep-learning
Silmi Fauziati,immersive-technology
Silmi Fauziati,ux
Selo,iot
Selo,computer-networks
Selo,machine-learning
Selo,smart-city
Selo,data-mining
Selo,cybersecurity
F. Danang Wijaya,deep-learning
F. Danang Wijaya,machine-learning
F. Danang Wijaya,artificial-intelligence
F. Danang Wijaya,automation
F. Danang Wijaya,data-mining
F. Danang Wijaya,iot
Warsun Najib,iot
Warsun Najib,database
Warsun Najib,computer-networks
Warsun Najib,cybersecurity
Warsun Najib,e-learning
Warsun Najib,human-computer-interaction
Addin Suwastono,iot
Addin Suwastono,automation
Addin Suwastono,computer-networks
Addin Suwastono,database
Addin Suwastono,machine-learning
Addin Suwastono,data-mining
Sarjiya,artificial-intelligence
Sarjiya,deep-learning
Sarjiya,iot
Sarjiya,machine-learning
Sarjiya,data-mining
Sarjiya,automation
Dani Adhipta,cybersecurity
Dani Adhipta,database
Dani Adhipta,computer-networks
Dani Adhipta,mobile-app
Dani Adhipta,machine-learning
Dani Adhipta,deep-learning
Widyawan,deep-learning
Widyawan,iot
Widyawan,machine-learning
Widyawan,computer-networks
Widyawan,nlp
Widyawan,cybersecurity
Eka Firmansyah,automation
Eka Firmansyah,iot
Eka Firmansyah,deep-learning
Eka Firmansyah,artificial-intelligence
Eka Firmansyah,computer-networks
Eka Firmansyah,immersive-technology
Hanung Adi Nugroho,machine-learning
Hanung Adi Nugroho,deep-learning
Hanung Adi Nugroho,computer-vision
Hanung Adi Nugroho,database
Hanung Adi Nugroho,data-mining
Hanung Adi Nugroho,artificial-intelligence
Indriana Hidayah,machine-learning
Indriana Hidayah,e-learning
Indriana Hidayah,deep-learning
Indriana Hidayah,artificial-intelligence
Indriana Hidayah,ux
Indriana Hidayah,nlp
Bimo Sunarfri Hantono,machine-learning
Bimo Sunarfri Hantono,immersive-technology
Bimo Sunarfri Hantono,nlp
Bimo Sunarfri Hantono,deep-learning
Bimo Sunarfri Hantono,data-mining
Bimo Sunarfri Hantono,cybersecurity
M. Nur Rizal,iot
M. Nur Rizal,computer-networks
M. Nur Rizal,deep-learning
M. Nur Rizal,machine-learning
M. Nur Rizal,blockchain
M. Nur Rizal,e-learning
Harry Prabowo,automation
Harry Prabowo,machine-learning
Avrin Nur Widiastuti,deep-learning
Avrin Nur Widiastuti,artificial-intelligence
Avrin Nur Widiastuti,automation
Avrin Nur Widiastuti,cybersecurity
Avrin Nur Widiastuti,machine-learning
Indah Soesanti,deep-learning
Indah Soesanti,machine-learning
Indah Soesanti,computer-vision
Indah Soesanti,artificial-intelligence
Indah Soesanti,data-mining
Indah Soesanti,nlp
Adhistya Erna Permanasari,machine-learning
Adhistya Erna Permanasari,artificial-intelligence
Adhistya Erna Permanasari,deep-learning
Adhistya Erna Permanasari,nlp
Adhistya Erna Permanasari,immersive-technology
Adhistya Erna Permanasari,e-learning
Noor Akhmad Setiawan,machine-learning
Noor Akhmad Setiawan,deep-learning
Noor Akhmad Setiawan,data-mining
Noor Akhmad Setiawan,artificial-intelligence
Noor Akhmad Setiawan,database
Noor Akhmad Setiawan,nlp
Ridi Ferdiana,machine-learning
Ridi Ferdiana,e-learning
Ridi Ferdiana,software-engineering
Ridi Ferdiana,ux
Ridi Ferdiana,deep-learning
Ridi Ferdiana,nlp
Enas Dhuhri Kusuma,iot
Enas Dhuhri Kusuma,database
Enas Dhuhri Kusuma,automation
Enas Dhuhri Kusuma,ui
Sigit Basuki Wibowo,machine-learning
Sigit Basuki Wibowo,iot
Sigit Basuki Wibowo,computer-networks
Sigit Basuki Wibowo,automation
Sigit Basuki Wibowo,deep-learning
Sigit Basuki Wibowo,data-mining
Adha Imam Cahyadi,automation
Adha Imam Cahyadi,artificial-intelligence
Adha Imam Cahyadi,deep-learning
Adha Imam Cahyadi,machine-learning
Adha Imam Cahyadi,iot
Adha Imam Cahyadi,immersive-technology
Iswandi,machine-learning
Iswandi,cybersecurity
Iswandi,iot
Iswandi,artificial-intelligence
Iswandi,data-mining
Iswandi,computer-vision
Prapto Nugroho,iot
Prapto Nugroho,artificial-intelligence
Prapto Nugroho,machine-learning
Prapto Nugroho,automation
Prapto Nugroho,computer-networks
Prapto Nugroho,deep-learning
I Wayan Mustika,computer-networks
I Wayan Mustika,iot
I Wayan Mustika,deep-learning
I Wayan Mustika,artificial-intelligence
I Wayan Mustika,machine-learning
I Wayan Mustika,smart-city
Yusuf Susilo Wijoyo,artificial-intelligence
Yusuf Susilo Wijoyo,machine-learning
Yusuf Susilo Wijoyo,automation
Yusuf Susilo Wijoyo,smart-city
Yusuf Susilo Wijoyo,human-computer-interaction
Yusuf Susilo Wijoyo,cybersecurity
Sunu Wibirama,machine-learning
Sunu Wibirama,deep-learning
Sunu Wibirama,ux
Sunu Wibirama,computer-vision
Sunu Wibirama,human-computer-interaction
Sunu Wibirama,e-learning
Fikri Waskito,artificial-intelligence
Lesnanto Multa Putranto,deep-learning
Lesnanto Multa Putranto,artificial-intelligence
Lesnanto Multa Putranto,machine-learning
Lesnanto Multa Putranto,iot
Lesnanto Multa Putranto,automation
Lesnanto Multa Putranto,data-mining
Igi Ardiyanto,deep-learning
Igi Ardiyanto,machine-learning
Igi Ardiyanto,computer-vision
Igi Ardiyanto,database
Igi Ardiyanto,artificial-intelligence
Igi Ardiyanto,data-mining
Husni Rois Ali,machine-learning
Husni Rois Ali,artificial-intelligence
Husni Rois Ali,deep-learning
Husni Rois Ali,data-mining
Agus Bejo,machine-learning
Agus Bejo,deep-learning
Agus Bejo,cybersecurity
Agus Bejo,iot
Agus Bejo,nlp
Agus Bejo,computer-vision
Azkario Rizky Pratama,machine-learning
Azkario Rizky Pratama,deep-learning
Azkario Rizky Pratama,cybersecurity
Azkario Rizky Pratama,human-computer-interaction
Azkario Rizky Pratama,nlp
Azkario Rizky Pratama,context-aware-computing
Anugerah Galang Persada,machine-learning
Anugerah Galang Persada,artificial-intelligence
Anugerah Galang Persada,immersive-technology
Anugerah Galang Persada,ux
Anugerah Galang Persada,automation
Anugerah Galang Persada,deep-learning
Ahmad Nasikun,immersive-technology
Ahmad Nasikun,ux
Ahmad Nasikun,human-computer-interaction
Ahmad Nasikun,deep-learning
Ahmad Nasikun,e-learning
Ahmad Nasikun,software-engineering
Dyonisius Dony Ariananda,machine-learning
Dyonisius Dony Ariananda,deep-learning
Dyonisius Dony Ariananda,artificial-intelligence
Dyonisius Dony Ariananda,data-mining
Dyonisius Dony Ariananda,computer-networks
Dyonisius Dony Ariananda,automation
Guntur Dharma Putra,blockchain
Guntur Dharma Putra,iot
Guntur Dharma Putra,cybersecurity
Guntur Dharma Putra,machine-learning
Guntur Dharma Putra,deep-learning
Guntur Dharma Putra,nlp
Muhammad Faris,nlp
Muhammad Faris,automation
Muhammad Faris,computer-vision
Muhammad Faris,artificial-intelligence
Muhammad Faris,iot
Muhammad Faris,machine-learning
Mochammad Wahyudi,deep-learning
Mochammad Wahyudi,machine-learning
Mochammad Wahyudi,iot
Mochammad Wahyudi,automation
Mochammad Wahyudi,computer-vision
Roni Irnawan,deep-learning
Roni Irnawan,automation
Roni Irnawan,machine-learning
Roni Irnawan,iot
Roni Irnawan,computer-networks
Roni Irnawan,artificial-intelligence
Dzuhri Radityo Utomo,deep-learning
Dzuhri Radityo Utomo,iot
Dzuhri Radityo Utomo,automation
Dzuhri Radityo Utomo,artificial-intelligence
Dzuhri Radityo Utomo,machine-learning
Dzuhri Radityo Utomo,computer-vision
Syukron Abu Ishaq Alfarozi,deep-learning
Syukron Abu Ishaq Alfarozi,machine-learning
Syukron Abu Ishaq Alfarozi,nlp
Syukron Abu Ishaq Alfarozi,e-learning
Syukron Abu Ishaq Alfarozi,computer-vision
Syukron Abu Ishaq Alfarozi,cybersecurity
Ahmad Ataka Awwalur Rizqi,automation
Ahmad Ataka Awwalur Rizqi,machine-learning
Ahmad Ataka Awwalur Rizqi,computer-vision
Ahmad Ataka Awwalur Rizqi,deep-learning
Ahmad Ataka Awwalur Rizqi,artificial-intelligence
Ahmad Ataka Awwalur Rizqi,nlp
Naufal Hilmi Fauzan,deep-learning
Naufal Hilmi Fauzan,iot
Yohan Fajar Sidik,deep-learning
Yohan Fajar Sidik,automation
Yohan Fajar Sidik,iot
Yohan Fajar Sidik,artificial-intelligence
Yohan Fajar Sidik,computer-networks
Yohan Fajar Sidik,machine-learning
Ridwan Wicaksono,deep-learning
Ridwan Wicaksono,data-mining
Ridwan Wicaksono,machine-learning
Ridwan Wicaksono,artificial-intelligence
Rian Fatah Mochamad,automation
Rian Fatah Mochamad,artificial-intelligence
Rian Fatah Mochamad,deep-learning
Wijaya Yudha Atmaja,computer-networks
Wijaya Yudha Atmaja,artificial-intelligence
Wijaya Yudha Atmaja,deep-learning
M. Aidiel Rachman Putra,machine-learning
M. Aidiel Rachman Putra,cybersecurity
M. Aidiel Rachman Putra,deep-learning
M. Aidiel Rachman Putra,iot
M. Aidiel Rachman Putra,data-mining
M. Aidiel Rachman Putra,computer-networks
