row_ref,full_name,academic_title,sinta_id,scopus_author_id,orcid_id,google_scholar_id,google_scholar_url,openalex_author_id,openalex_resolution_method,google_scholar_resolution_method,semantic_scholar_id,semantic_scholar_resolution_method
dosen_source.csv:2,Sasongko Pramonohadi,"Prof., Dr., Ir., DEA",6019394,53263983500,0000-0001-6268-9040,SXZZgLMAAAAJ,https://scholar.google.co.id/citations?user=SXZZgLMAAAAJ&hl=en,https://openalex.org/A5051659768,orcid,scholar_id,2227527734,name_search
dosen_source.csv:3,P. Insap Santosa,"Prof., Ir., M.Sc., Ph.D., IPU",6010192,9636895500,0000-0002-0581-2521,SVLRclcAAAAJ,https://scholar.google.co.id/citations?user=SVLRclcAAAAJ&hl=en,https://openalex.org/A5044371299,orcid,scholar_id,3136054,name_search
dosen_source.csv:4,Wahyu Dewanto,"Ir., M.T",6019805,57566905800,,yGMgmxIAAAAJ,https://scholar.google.com/citations?user=yGMgmxIAAAAJ&hl=en&oi=ao,https://openalex.org/A5110525796,name_search,error,69874736,name_search
dosen_source.csv:5,Tumiran,"Prof., Ir., M.Eng., Ph.D., IPU",6038838,24279155800,0000-0002-4063-3203,Q39ugpYAAAAJ,https://scholar.google.co.id/citations?user=Q39ugpYAAAAJ&hl=en,https://openalex.org/A5008865510,name_search,error,,error
dosen_source.csv:6,Sujoko Sumaryono,"Ir., M.T",6019192,57194161883,,lUiJUKEAAAAJ,https://scholar.google.com/citations?user=lUiJUKEAAAAJ&hl=en&oi=ao,https://openalex.org/A5064457713,name_search,error,2102929395,name_search
dosen_source.csv:7,Bambang Sugiyantoro,"Ir., M.T",6019224,57205058764,,lLWH6IcAAAAJ,https://scholar.google.com/citations?hl=en&user=lLWH6IcAAAAJ,https://openalex.org/A5021602423,name_search,error,51940829,name_search
dosen_source.csv:8,Rudy Hartanto,"Dr., Ir., M.T., IPM",6018498,57213689477,,xWZoltAAAAAJ,https://scholar.google.co.id/citations?user=xWZoltAAAAAJ&hl=en,https://openalex.org/A5003684636,name_search,error,145100453,name_search
dosen_source.csv:9,Lukito Edi Nugroho,"Prof., Ir., M.Sc., Ph.D",6019356,6507794445,,Fx312yQAAAAJ,https://scholar.google.co.id/citations?user=Fx312yQAAAAJ&hl=en,https://openalex.org/A5090606053,name_search,error,67037709,name_search
dosen_source.csv:10,M. Isnaeni Bs,"Dr., Ir., M.T",6019186,56516959400,,bbLyOsgAAAAJ,https://scholar.google.com/citations?hl=en&user=bbLyOsgAAAAJ,https://openalex.org/A5006102732,name_search,error,84269185,name_search
dosen_source.csv:11,Risanuri Hidayat,"Prof., Dr., Ir., M.Sc., IPM",6019191,24723916400,0000-0002-7381-4633,f4TOpqsAAAAJ,https://scholar.google.com/citations?hl=en&user=f4TOpqsAAAAJ,https://openalex.org/A5010571279,orcid,error,8523788,name_search
dosen_source.csv:12,Oyas Wahyunggoro,"Prof., Ir., M.T., Ph.D",6010292,25825877400,,HYFYmwsAAAAJ,https://scholar.google.co.id/citations?user=HYFYmwsAAAAJ&hl=en,https://openalex.org/A5000536091,name_search,error,2593642,name_search
dosen_source.csv:13,Teguh Bharata Adji,"S.T., M.T., M.Eng., Ph.D",5972729,24734043700,,IqG9z-8AAAAJ,https://scholar.google.com/citations?hl=en&user=IqG9z-8AAAAJ,https://openalex.org/A5085718292,name_search,error,2285380303,name_search
dosen_source.csv:14,Sri Suning Kusumawardani,"Prof., Dr., Ir., S.T., M.T",5985413,36809779800,0000-0003-1705-3232,D3VL7RsAAAAJ,https://scholar.google.com/citations?hl=en&user=D3VL7RsAAAAJ,https://openalex.org/A5079804283,orcid,error,2121922,name_search
dosen_source.csv:15,Silmi Fauziati,"Dr.Eng., S.T., M.T",6019179,56596753400,,YBpC3pwAAAAJ,https://scholar.google.com/citations?hl=en&user=YBpC3pwAAAAJ,https://openalex.org/A5108644292,name_search,error,,error
dosen_source.csv:16,Selo,"Prof., Ir., S.T., M.T., M.Sc., Ph.D., IPU, ASEAN Eng",6010111,35106220200,0000-0002-0427-6421,7FZZ_-sAAAAJ,https://scholar.google.co.id/citations?user=7FZZ_-sAAAAJ&hl=en,https://openalex.org/A5056307156,orcid,error,,error
dosen_source.csv:17,F. Danang Wijaya,"Prof., Dr.Eng., Ir., S.T., M.T., IPM",5999249,57193707676,0000-0001-8887-6135,fS4-8JAAAAAJ,https://scholar.google.co.id/citations?user=fS4-8JAAAAAJ&hl=en,https://openalex.org/A5015090952,orcid,error,9072475,name_search
dosen_source.csv:18,Warsun Najib,"S.T., M.Sc",6010169,54420821900,0000-0003-4454-335X,dsORxFMAAAAJ,https://scholar.google.co.id/citations?user=dsORxFMAAAAJ&hl=en,https://openalex.org/A5058138529,orcid,error,1913541,name_search
dosen_source.csv:19,Addin Suwastono,"Ir., S.T., M.Eng., IPM",6019193,56516977600,,TNZgnM8AAAAJ,https://scholar.google.co.id/citations?user=TNZgnM8AAAAJ&hl=en,https://openalex.org/A5053468414,name_search,error,98397115,name_search
dosen_source.csv:20,Sarjiya,"Prof., Ir., S.T., M.T., Ph.D., IPU",6002168,25031712200,0000-0002-3025-295X,bLAJodcAAAAJ,https://scholar.google.com/citations?hl=en&user=bLAJodcAAAAJ,https://openalex.org/A5021548642,orcid,error,,error
dosen_source.csv:21,Dani Adhipta,"S.Si., M.T",6019026,36607451900,,PUg2AeYAAAAJ,https://scholar.google.co.id/citations?user=PUg2AeYAAAAJ&hl=en,https://openalex.org/A5046766022,name_search,error,50421907,name_search
dosen_source.csv:22,Widyawan,"S.T., M.Sc., Ph.D",43049,55666627500,,uPZ616oAAAAJ,https://scholar.google.co.id/citations?user=uPZ616oAAAAJ&hl=en,https://openalex.org/A5072792092,name_search,error,9424900,name_search
dosen_source.csv:23,Eka Firmansyah,"Ir., S.T., M.Eng., Ph.D., IPM",5985277,34978345200,,y2AOfwQAAAAJ,https://scholar.google.co.id/citations?user=y2AOfwQAAAAJ&hl=en,https://openalex.org/A5109926556,name_search,error,,error
dosen_source.csv:24,Hanung Adi Nugroho,"Prof., Ir., S.T., M.E., Ph.D., IPM., SMIEEE",6008762,57210591699,0000-0001-7749-8044,UTBq0lsAAAAJ,https://scholar.google.co.id/citations?user=UTBq0lsAAAAJ&hl=en,https://openalex.org/A5006699720,orcid,error,,error
dosen_source.csv:25,Indriana Hidayah,"Dr., S.T., M.T",44341,55430202100,0000-0003-4044-4987,Kwu5gpIAAAAJ,https://scholar.google.co.id/citations?user=Kwu5gpIAAAAJ&hl=en,https://openalex.org/A5024219353,orcid,error,119350811,name_search
dosen_source.csv:26,Bimo Sunarfri Hantono,"Dr., S.T., M.Eng",6010084,56121493400,,omBzmOkAAAAJ,https://scholar.google.com/citations?hl=en&user=omBzmOkAAAAJ,https://openalex.org/A5066331498,name_search,error,9127378,name_search
dosen_source.csv:27,M. Nur Rizal,"S.T., M.Eng., Ph.D",6019753,55553742689,,ntnGlecAAAAJ,https://scholar.google.co.id/citations?user=ntnGlecAAAAJ&hl=en,https://openalex.org/A5084814678,name_search,error,104226410,name_search
dosen_source.csv:28,Harry Prabowo,"S.T., M.T",6019210,57190533670,0000-0002-8398-3529,N5cE-DUAAAAJ,https://scholar.google.co.id/citations?user=N5cE-DUAAAAJ&hl=en,https://openalex.org/A5054866692,orcid,error,,error
dosen_source.csv:29,Avrin Nur Widiastuti,"Ir., S.T., M.Eng., IPM",6010067,56429469800,,K3i-Yv0AAAAJ,https://scholar.google.com/citations?hl=en&user=K3i-Yv0AAAAJ,https://openalex.org/A5027476681,name_search,error,96041232,name_search
dosen_source.csv:30,Indah Soesanti,"Dr., S.T., M.T",42982,55963326800,0000-0003-2004-0600,Mn3jtVgAAAAJ,https://scholar.google.co.id/citations?user=Mn3jtVgAAAAJ&hl=en,https://openalex.org/A5052020601,orcid,error,9149246,name_search
dosen_source.csv:31,Adhistya Erna Permanasari,"Ir., S.T., M.T., Ph.D., IPM",257869,25825391000,0000-0002-2663-4074,cF2rHw4AAAAJ,https://scholar.google.co.id/citations?user=cF2rHw4AAAAJ&hl=en,https://openalex.org/A5017253539,orcid,error,2102253111,name_search
dosen_source.csv:32,Noor Akhmad Setiawan,"Ir., S.T., M.T., Ph.D., IPM",43050,57215833019,0000-0002-5631-1073,dvwTk_IAAAAJ,https://scholar.google.co.id/citations?user=dvwTk_IAAAAJ&hl=en,https://openalex.org/A5017890989,orcid,error,9181413,orcid
dosen_source.csv:33,Rr. Eny Sukani Rahayu,"S.T., M.Eng",6022328,57195683054,,bgAPubsAAAAJ&hl,https://scholar.google.com/citations?user=bgAPubsAAAAJ&hl=id,,not_found,error,2104596065,name_search
dosen_source.csv:34,Ridi Ferdiana,"Prof., Dr., Ir., S.T., M.T., IPM",44333,49663102500,,6JpHP3wAAAAJ,https://scholar.google.co.id/citations?user=RF0czQwAAAAJ&hl=en,https://openalex.org/A5075764001,name_search,error,2306771,name_search
dosen_source.csv:35,Enas Dhuhri Kusuma,"S.T., M.Eng",6039133,36608334700,0000-0003-1659-0132,56aJrmkAAAAJ,https://scholar.google.com/citations?hl=en&user=56aJrmkAAAAJ,https://openalex.org/A5004438235,orcid,error,,error
dosen_source.csv:36,Sigit Basuki Wibowo,"Ir., S.T., M.Eng., Ph.D., IPM",6023242,36783783200,,q56WPYoAAAAJ,https://scholar.google.com/citations?hl=en&user=q56WPYoAAAAJ,https://openalex.org/A5109264048,name_search,error,2067010586,name_search
dosen_source.csv:37,Adha Imam Cahyadi,"Ir., S.T., M.Eng., D.Eng., IPM",5985664,16549109100,0000-0002-9825-2630,oo5VUl8AAAAJ&hl,https://scholar.google.com/citations?hl=en&user=oo5VUl8AAAAJ&hl,https://openalex.org/A5078355696,orcid,error,2297969513,name_search
dosen_source.csv:38,Iswandi,"S.T., M.Eng",6010390,56516823500,0000-0003-4685-3474,dHnl08MAAAAJ,https://scholar.google.co.id/citations?user=dHnl08MAAAAJ&hl=en,https://openalex.org/A5052420172,orcid,error,,error
dosen_source.csv:39,Prapto Nugroho,"Ir., S.T., M.Eng., D.Eng., IPM",5982109,37072942800,0000-0002-4221-239X,X6-0JR4AAAAJ,https://scholar.google.co.id/citations?user=X6-0JR4AAAAJ&hl=en,https://openalex.org/A5079183155,name_search,error,66670934,name_search
dosen_source.csv:40,I Wayan Mustika,"Dr., S.T., M.Eng",260348,36185944100,0000-0002-0207-261X,7tsVRI0AAAAJ,https://scholar.google.co.id/citations?user=7tsVRI0AAAAJ&hl=en,https://openalex.org/A5006571377,orcid,error,,error
dosen_source.csv:41,Yusuf Susilo Wijoyo,"Dr., S.T., M.Eng",5994598,57190815128,,-rgGIOAAAAAJ,https://scholar.google.co.id/citations?user=-rgGIOAAAAAJ&hl=en,https://openalex.org/A5064799996,name_search,error,3411338,name_search
dosen_source.csv:42,Sunu Wibirama,"Dr.Eng., Ir., S.T., M.Eng., IPM",44334,26654457700,0000-0001-9613-7017,xQI5ar8AAAAJ&hl,https://scholar.google.co.id/citations?user=xQI5ar8AAAAJ&hl=en,https://openalex.org/A5072951962,orcid,error,7487040,name_search
dosen_source.csv:43,Fikri Waskito,"S.T., M.Eng",6042134,41662396600,,Ur-zZNUAAAAJ,https://scholar.google.com/citations?hl=en&user=Ur-zZNUAAAAJ,https://openalex.org/A5041658253,name_search,error,2031495903,name_search
dosen_source.csv:44,Lesnanto Multa Putranto,"Ir., S.T., M.Eng., Ph.D., IPM., SMIEEE",6019163,55837147000,0000-0003-0250-9284,l2Lh43wAAAAJ,https://scholar.google.com/citations?hl=en&user=l2Lh43wAAAAJ,https://openalex.org/A5077406292,orcid,error,3450410,name_search
dosen_source.csv:45,Igi Ardiyanto,"Dr.Eng., Ir., S.T., M.Eng",42540,36069000500,0000-0002-0006-1458,mEBz23UAAAAJ&hl,https://scholar.google.co.id/citations?user=mEBz23UAAAAJ&hl=en,https://openalex.org/A5018898701,orcid,error,2969172,name_search
dosen_source.csv:46,Husni Rois Ali,", S.T., M.Eng., Ph.D., DIC., SMIEEE",6020183,55837520800,,qRuX2hsAAAAJ&hl,https://scholar.google.co.id/citations?user=qRuX2hsAAAAJ&hl=en,https://openalex.org/A5004754788,name_search,error,9345512,name_search
dosen_source.csv:47,Agus Bejo,"Ir., S.T., M.Eng., D.Eng., IPM",5986935,35096014900,,L9QB3JEAAAAJ&hl,https://scholar.google.co.id/citations?user=L9QB3JEAAAAJ&hl=en,https://openalex.org/A5013300216,name_search,error,2281996427,name_search
dosen_source.csv:48,Azkario Rizky Pratama,"Ir., S.T., M.Eng., Ph.D",6644141,55523232300,0000-0001-6158-8483,WUZ-OSsAAAAJ&hl,https://scholar.google.co.id/citations?user=WUZ-OSsAAAAJ&hl=en,https://openalex.org/A5079462995,orcid,error,9363694,name_search
dosen_source.csv:49,Anugerah Galang Persada,"S.T., M.Eng",6019221,16436979700,,3o5vQzgAAAAJ&hl,https://scholar.google.co.id/citations?user=3o5vQzgAAAAJ&hl=en,https://openalex.org/A5063062915,name_search,error,9288901,name_search
dosen_source.csv:50,Ahmad Nasikun,"Dr., S.T., M.Sc",6019279,57203553761,0000-0001-5311-4456,bCrZU4oAAAAJ&hl,https://scholar.google.co.id/citations?user=w0s9NVoAAAAJ&hl=en,https://openalex.org/A5074385039,orcid,error,2079202011,name_search
dosen_source.csv:51,Dyonisius Dony Ariananda,"Dr., S.T., M.Sc",6019230,35145324800,,N3AxTxIAAAAJ&hl,https://scholar.google.co.id/citations?user=N3AxTxIAAAAJ&hl=en,https://openalex.org/A5034189885,name_search,error,2671421,name_search
dosen_source.csv:52,Guntur Dharma Putra,"Dr., Ir., S.T., M.Sc",6198828,57219500421,0000-0001-9832-5388,L_dr0dIAAAAJ,https://scholar.google.co.id/citations?hl=en&user=L_dr0dIAAAAJ,https://openalex.org/A5007007487,orcid,error,134571696,name_search
dosen_source.csv:53,Muhammad Faris,"S.T., M.Sc",6693665,56204474500,0000-0001-6741-5065,wtaeJFEAAAAJ,https://scholar.google.com/citations?user=wtaeJFEAAAAJ&hl=en&oi=ao,https://openalex.org/A5091550312,orcid,error,,error
dosen_source.csv:54,Mochammad Wahyudi,"S.T., M.T",6693663,57200990344,,fqeb8PMAAAAJ,https://scholar.google.com/citations?hl=en&user=fqeb8PMAAAAJ,https://openalex.org/A5089262719,name_search,error,2389861617,name_search
dosen_source.csv:55,Roni Irnawan,"Ir., S.T., M.Sc., Ph.D., SMIEEE",6724608,56380616100,0000-0001-6634-3426,IOo994cAAAAJ,https://scholar.google.co.id/citations?hl=en&user=IOo994cAAAAJ,https://openalex.org/A5074260760,orcid,error,30770991,name_search
dosen_source.csv:56,Dzuhri Radityo Utomo,"S.T., M.Sc., Ph.D",6724609,56122839600,,YBOzSm0AAAAJ,https://scholar.google.co.id/citations?hl=en&user=YBOzSm0AAAAJ,https://openalex.org/A5047099103,name_search,error,9176580,name_search
dosen_source.csv:57,Syukron Abu Ishaq Alfarozi,"S.T., Ph.D",6776484,57191739119,0000-0001-8558-898X,IUzKpC4AAAAJ,https://scholar.google.co.id/citations?hl=en&user=IUzKpC4AAAAJ,https://openalex.org/A5055082531,orcid,error,,error
dosen_source.csv:58,Ahmad Ataka Awwalur Rizqi,"S.T., Ph.D",6776475,56081578500,,rMabMHgAAAAJ&hl,https://scholar.google.co.id/citations?user=rMabMHgAAAAJ&hl=en&oi=ao,https://openalex.org/A5043069972,name_search,error,2056769820,name_search
dosen_source.csv:59,Naufal Hilmi Fauzan,"S.Si., M.T",6808877,57413345300,,9s8ToW8AAAAJ,https://scholar.google.co.id/citations?hl=en&user=9s8ToW8AAAAJ,https://openalex.org/A5016120988,name_search,error,,error
dosen_source.csv:60,Yohan Fajar Sidik,"Dr.-Ing., Ir., S.T., M.Eng",6806480,57212457786,0000-0002-3826-2095,zRZB_Q0AAAAJ,https://scholar.google.co.id/citations?hl=en&user=zRZB_Q0AAAAJ,https://openalex.org/A5081314643,orcid,error,100969224,orcid
dosen_source.csv:61,Ridwan Wicaksono,"S.T., M.Eng., Ph.D",6849945,57190797006,0000-0002-7415-2061,LQZzruEAAAAJ,https://scholar.google.co.id/citations?hl=en&user=LQZzruEAAAAJ,https://openalex.org/A5001231803,orcid,error,,error
dosen_source.csv:62,Rian Fatah Mochamad,"Dr., S.T. M.Eng",6923517,55753983200,,WA-_ZSQAAAAJ,https://scholar.google.com/citations?user=WA-_ZSQAAAAJ&hl=en&oi=sra,https://openalex.org/A5081281783,name_search,error,9393404,name_search
dosen_source.csv:63,Wijaya Yudha Atmaja,"Dr., S.T., M. Eng",6923069,57211475086,0000-0002-4102-5955,wQ_OH1MAAAAJ,https://scholar.google.com/citations?user=wQ_OH1MAAAAJ&hl=id,https://openalex.org/A5034433932,orcid,error,1382117613,name_search
dosen_source.csv:64,M. Aidiel Rachman Putra,"S.Kom., M.Kom",6929389,57767496700,0000-0002-2741-6853,qSsGUkIAAAAJ,https://scholar.google.com/citations?user=qSsGUkIAAAAJ&hl=en,https://openalex.org/A5076285880,orcid,error,,error
dosen_source.csv:65,Nailil Husna,"S.Si., M.Sc",6993687,57195404720,,j4cTsk8AAAAJ&hl,https://scholar.google.com/citations?user=j4cTsk8AAAAJ&hl=en&oi=ao,https://openalex.org/A5024971654,name_search,error,73620311,name_search
